INSERT INTO stadium (stadium_name, stadium_city, stadium_capacity)
VALUES
('Amex Stadium', 'Brighton', 30750),
('Anfield', 'Liverpool', 61074),
('Bramall Lane', 'Sheffield', 33000),
('Brentford Community Stadium', 'Brentford', 17250),
('City Ground', 'Nottingham', 30602),
('Craven Cottage', 'London', 25700),
('Emirates Stadium', 'London', 60704),
('Etihad Stadium', 'Manchester', 55097),
('Goodison Park', 'Liverpool', 40157),
('Kenilworth Road', 'Luton', 10356),
('London Stadium', 'London', 62500),
('Molineux Stadium', 'Wolverhampton', 31700),
('Old Trafford', 'Manchester', 74140),
('Selhurst Park', 'London', 26255),
('St James'' Park', 'Newcastle', 52409),
('Stamford Bridge', 'London', 41837),
('Tottenham Hotspur Stadium', 'London', 62062),
('Turf Moor', 'Burnley', 21944),
('Villa Park', 'Birmingham', 42788),
('Vitality Stadium', 'Bournemouth', 11464);

INSERT INTO coach (coach_name, coach_nationality)
VALUES
('Andoni Iraola', 'Spain'),
('Mikel Arteta', 'Spain'),
('Unai Emery', 'Spain'),
('Thomas Frank', 'Denmark'),
('Roberto De Zerbi', 'Italy'),
('Vincent Kompany', 'Belgium'),
('Mauricio Pochettino', 'Argentina'),
('Oliver Glasner', 'Austria'),
('Sean Dyche', 'England'),
('Marco Silva', 'Portugal'),
('Jurgen Klopp', 'Germany'),
('Rob Edwards', 'England'),
('Pep Guardiola', 'Spain'),
('Erik ten Hag', 'Netherlands'),
('Eddie Howe', 'England'),
('Nuno Espirito Santo', 'Portugal'),
('Chris Wilder', 'England'),
('Ange Postecoglou', 'Australia'),
('David Moyes', 'Scotland'),
('Gary O''Neil', 'England');

INSERT INTO player (player_name, player_nationality, player_position, team_name)
VALUES
('David Raya', 'Spain', 'Goalkeeper', 'Arsenal'),
('Wiliam Saliba', 'France', 'Defender', 'Arsenal'),
('Declan Rise', 'England', 'Midfielder', 'Arsenal'),
('Bukayo Saka', 'England', 'Forward', 'Arsenal'),
('Emiliano Martinez', 'Argentina', 'Goalkeeper', 'Aston Villa'),
('Ezri Konsa', 'England', 'Defender', 'Aston Villa'),
('Douglas Luiz', 'Brazil', 'Midfielder', 'Aston Villa'),
('Ollie Watkins', 'England', 'Forward', 'Aston Villa'),
('Neto', 'Brazil', 'Goalkeeper', 'AFC Bournemouth'),
('Marcos Senesi', 'Argentina', 'Defender', 'AFC Bournemouth'),
('Alex Scott', 'England', 'Midfielder', 'AFC Bournemouth'),
('Dominic Solanke', 'England', 'Forward', 'AFC Bournemouth'),
('Mark Flekken', 'Netherlands', 'Goalkeeper', 'Brentford'),
('Ben Mee', 'England', 'Defender', 'Brentford'),
('Mathias Jensen', 'Denmark', 'Midfielder', 'Brentford'),
('Ivan Toney', 'England', 'Forward', 'Brentford'),
('Jason Steele', 'England', 'Goalkeeper', 'Brighton & Hove Albion'),
('Lewis Dunk', 'England', 'Defender', 'Brighton & Hove Albion'),
('Billy Gilmour', 'Scotland', 'Midfielder', 'Brighton & Hove Albion'),
('Evan Ferguson', 'Republic of Ireland', 'Forward', 'Brighton & Hove Albion'),
('James Trafford', 'Spain', 'Goalkeeper', 'Burnley'),
('Sander Berge', 'Norway', 'Defender', 'Burnley'),
('Aaron Ramsey', 'England', 'Midfielder', 'Burnley'),
('Luca Koleosho', 'Italy', 'Forward', 'Burnley'),
('Robert Sanchez', 'Spain', 'Goalkeeper', 'Chelsea'),
('Malo Gusto', 'France', 'Defender', 'Chelsea'),
('Conor Gallagher', 'England', 'Midfielder', 'Chelsea'),
('Cole Palmer', 'England', 'Forward', 'Chelsea'),
('Sam Johnstone', 'England', 'Goalkeeper', 'Crystal Palace'),
('Marc Guehi', 'England', 'Defender', 'Crystal Palace'),
('Will Hughes', 'England', 'Midfielder', 'Crystal Palace'),
('Ezeberechi Eze', 'England', 'Forward', 'Crystal Palace'),
('Jordan Pickford', 'England', 'Goalkeeper', 'Everton'),
('James Tarkowski', 'England', 'Defender', 'Everton'),
('Amadou Onana', 'Belgium', 'Midfielder', 'Everton'),
('Dominic Calvert-Lewin', 'England', 'Forward', 'Everton'),
('Bernd Leno', 'Germany', 'Goalkeeper', 'Fulham'),
('Tosin Adarabioyo', 'England', 'Defender', 'Fulham'),
('Joao Palhinha', 'Portugal', 'Midfielder', 'Fulham'),
('Alex Iwobi', 'Nigeria', 'Forward', 'Fulham'),
('Alisson', 'Brazil', 'Goalkeeper', 'Liverpool'),
('Virgil van Dijk', 'Netherlands', 'Defender', 'Liverpool'),
('Curtis Jones', 'England', 'Midfielder', 'Liverpool'),
('Mohamed Salah', 'Egypt', 'Forward', 'Liverpool'),
('Thomas Kaminski', 'Belgium', 'Goalkeeper', 'Luton Town'),
('Alfie Doughty', 'England', 'Defender', 'Luton Town'),
('Ross Barkley', 'England', 'Midfielder', 'Luton Town'),
('Elijah Adebayo', 'England', 'Forward', 'Luton Town'),
('Ederson', 'Brazil', 'Goalkeeper', 'Manchester City'),
('John Stones', 'England', 'Defender', 'Manchester City'),
('Rodri', 'Spain', 'Midfielder', 'Manchester City'),
('Erling Haaland', 'Norway', 'Forward', 'Manchester City'),
('Andre Onana', 'Cameroon', 'Goalkeeper', 'Manchester United'),
('Harry Maguire', 'England', 'Defender', 'Manchester United'),
('Bruno Fernandez', 'Portugal', 'Midfielder', 'Manchester United'),
('Marcus Rashford', 'England', 'Forward', 'Manchester United'),
('Nick Pope', 'England', 'Goalkeeper', 'Newcastle United'),
('Kieran Trippier', 'England', 'Defender', 'Newcastle United'),
('Joelinton', 'Brazil', 'Midfielder', 'Newcastle United'),
('Alexander Isak', 'Sweden', 'Forward', 'Newcastle United'),
('Matz Sels', 'Belgium', 'Goalkeeper', 'Nottingham Forest'),
('Murillo', 'Brazil', 'Defender', 'Nottingham Forest'),
('Danilo', 'Brazil', 'Midfielder', 'Nottingham Forest'),
('Morgan Gibbs-White', 'England', 'Forward', 'Nottingham Forest'),
('Wes Foderingham', 'England', 'Goalkeeper', 'Sheffield United'),
('Jayden Bogle', 'England', 'Defender', 'Sheffield United'),
('James Mcatee', 'England', 'Midfielder', 'Sheffield United'),
('Cameron Archer', 'England', 'Forward', 'Sheffield United'),
('Guglielmo Vicario', 'Italy', 'Goalkeeper', 'Tottenham Hotspur'),
('Cristian Romero', 'Argentina', 'Defender', 'Tottenham Hotspur'),
('James Maddison', 'England', 'Midfielder', 'Tottenham Hotspur'),
('Richarlison', 'Brazil', 'Forward', 'Tottenham Hotspur'),
('Alphonse Areola', 'France', 'Goalkeeper', 'West Ham United'),
('Kurt Zouma', 'France', 'Defender', 'West Ham United'),
('Mohammed Kudus', 'Ghana', 'Midfielder', 'West Ham United'),
('Jarrod Bowen', 'England', 'Forward', 'West Ham United'),
('Jose Sa', 'Portugal', 'Goalkeeper', 'Wolverhampton Wanderers'),
('Max Kilman', 'England', 'Defender', 'Wolverhampton Wanderers'),
('Joao Gomes', 'Brazil', 'Midfielder', 'Wolverhampton Wanderers'),
('Pedro Neto', 'England', 'Forward', 'Wolverhampton Wanderers');

INSERT INTO team(team_name)
VALUES
('Arsenal'),
('LiverpooL'),
('Manchester City'),
('Aston Villa'),
('Tottenham Hotspur'),
('Manchester United'),
('West Ham United'),
('Brighton & Hove Albion'),
('Wolverhampton Wanderers'),
('Newcastle United'),
('Chelsea'),
('Fulham'),
('AFC Bournemouth'),
('Crystal Palace'),
('Brentford'),
('Everton'),
('Luton Town'),
('Nottingham Forest'),
('Burnley'),
('Sheffield United');